"eta_true","xsd","lp_sd","rep","disease_rate","frac_extreme","eta_hat","eta_se","eta_signed","eta_abs","beta_infl"
0.4,1,7.41619848709566,1,0.485555555555556,0.486666666666667,0.497005035093161,0.285360797537495,0.097005035093161,0.097005035093161,1.05784736250252
0.4,1,7.41619848709566,2,0.504444444444444,0.52,0.737640068305824,0.311455136754586,0.337640068305824,0.337640068305824,1.2153734951987
0.4,0.25,1.85404962177392,1,0.56,0.00444444444444444,0.76453549120881,0.145310092269277,0.364535491208809,0.364535491208809,1.14693652580839
0.4,0.25,1.85404962177392,2,0.527777777777778,0.00333333333333333,0.182440699060294,0.146850563598338,-0.217559300939706,0.217559300939706,1.05438212217987
2.8,1,7.41619848709566,1,0.572222222222222,0.484444444444444,2.62066842170074,0.329869082398133,-0.179331578299258,0.179331578299258,1.04930430236784
2.8,1,7.41619848709566,2,0.596666666666667,0.486666666666667,3.34648922103792,0.389606445874257,0.546489221037921,0.546489221037921,1.18549906233322
2.8,0.25,1.85404962177392,1,0.818888888888889,0.0144444444444444,2.85488742025615,0.184880159175454,0.0548874202561485,0.0548874202561485,0.874114864296291
2.8,0.25,1.85404962177392,2,0.797777777777778,0.00666666666666667,2.57523958983062,0.164689647439603,-0.224760410169381,0.224760410169381,0.820380028558911
