"eta_true","covariate","eta_hat.mean","eta_hat.sd","eta_abs_bias.mean","eta_abs_bias.sd","beta1_hat.mean","beta1_hat.sd","beta2_hat.mean","beta2_hat.sd","beta3_hat.mean","beta3_hat.sd","beta4_hat.mean","beta4_hat.sd","beta5_hat.mean","beta5_hat.sd"
0.4,"avg",0.43798727,0.31906260,0.25003650,0.20104431,1.0952903,0.2069115,2.2156756,0.2694563,3.2996359,0.3634018,-4.3778076, 0.4436171,-5.5032101, 0.5441714
1.6,"avg",1.77323389,0.31800662,0.29133353,0.21444639,1.0961062,0.1939955,2.1823357,0.2548485,3.2701050,0.3182741,-4.3696567, 0.4156048,-5.4400930, 0.5058548
2.8,"avg",3.05174823,0.42303551,0.37831598,0.31434455,1.0926786,0.2010320,2.1940041,0.2664558,3.3012040,0.3913332,-4.3569143, 0.4797835,-5.4692264, 0.5973508
0.4,"sum",0.11193391,0.08262884,0.28806609,0.08262884,1.0951880,0.2070086,2.2153940,0.2698393,3.2994267,0.3640616,-4.3777390, 0.4447422,-5.5031673, 0.5455926
1.6,"sum",0.45610089,0.08230997,1.14389911,0.08230997,1.0953105,0.1932943,2.1798658,0.2531783,3.2665217,0.3155121,-4.3646258, 0.4113161,-5.4348873, 0.5018154
2.8,"sum",0.78065313,0.10799956,2.01934687,0.10799956,1.0868489,0.1997374,2.1850504,0.2660601,3.2866230,0.3877080,-4.3383117, 0.4776274,-5.4445085, 0.5940864
